[
{
    "pk": 1,
    "fields": {
        "domain": "ownblock.com",
        "name": "ownblock"
    },
    "model": "sites.site"
},
{
    "pk": 2,
    "fields": {
        "domain": "demo.ownblock.com",
        "name": "ownblock:demo"
    },
    "model": "sites.site"
},
{
    "pk": 1,
    "fields": {
        "role": "manager",
        "apartment": null,
        "password": "pbkdf2_sha256$12000$5ULDJxxVUX6a$qFl3+EH/7SAE+fbWhFwZvdq4GeFz5384QC1LLe5mChg=",
        "site": null,
        "phone": "",
        "original_email": "",
        "last_login": "2014-09-11T16:04:43.320Z",
        "last_name": "Jacob",
        "is_active": true,
        "is_staff": true,
        "first_name": "Dan",
        "email": "danjac354@gmail.com"
    },
    "model": "accounts.user"
},
{
    "pk": 5,
    "fields": {
        "role": "manager",
        "apartment": null,
        "password": "pbkdf2_sha256$12000$Skkw18Vl0tWn$cyVy5r/y4yqQTvNDeLV46V3rvC2mbLYktSZhnQCbL0M=",
        "site": 2,
        "phone": "92920902",
        "original_email": "",
        "last_login": "2014-10-04T00:57:31.991Z",
        "last_name": "Manager",
        "is_active": true,
        "is_staff": false,
        "first_name": "Joe",
        "email": "manager@ownblock.com"
    },
    "model": "accounts.user"
},
{
    "pk": 6,
    "fields": {
        "role": "resident",
        "apartment": 1,
        "password": "pbkdf2_sha256$12000$KXTlWNf53RvD$XNbZQe9L/Dohe7VJScKxnMwXTZwgdag2AvZD0BU0JZo=",
        "site": null,
        "phone": "0290291",
        "original_email": "",
        "last_login": "2014-10-08T01:15:23.837Z",
        "last_name": "Demoguy",
        "is_active": true,
        "is_staff": false,
        "first_name": "Demo",
        "email": "resident@ownblock.com"
    },
    "model": "accounts.user"
},
{
    "pk": 7,
    "fields": {
        "role": "resident",
        "apartment": 2,
        "password": "!wrTpy7oGPFQdcquXZFQMjxuzLhpU06XLVmXqNT3q",
        "site": null,
        "phone": "999-999-9999",
        "original_email": "notmuchhere@tobefunctional.com",
        "last_login": "2014-08-26T21:26:29.837Z",
        "last_name": "ALONGWayToGo",
        "is_active": false,
        "is_staff": false,
        "first_name": "YouHaveGot",
        "email": "jtsZcAdXEEPJ@exuvJhOtuDbc"
    },
    "model": "accounts.user"
},
{
    "pk": 8,
    "fields": {
        "role": "resident",
        "apartment": 11,
        "password": "pbkdf2_sha256$12000$PScN2rpBPN5c$JOdVMavc1ztTnPEV0X/dWsaeRGIO4yE8MNmRjGZwTtQ=",
        "site": null,
        "phone": "",
        "original_email": "",
        "last_login": "2014-09-10T11:51:11.795Z",
        "last_name": "Smith",
        "is_active": true,
        "is_staff": false,
        "first_name": "James",
        "email": "james.smith@ownblock.com"
    },
    "model": "accounts.user"
},
{
    "pk": 9,
    "fields": {
        "role": "resident",
        "apartment": 21,
        "password": "pbkdf2_sha256$12000$v84jLS1ksZJ0$x5/jvO6OQsOI3bq2yrKrFEjF0N/fuFW0VtE/m63kc5g=",
        "site": null,
        "phone": "",
        "original_email": "",
        "last_login": "2014-09-10T11:51:13.719Z",
        "last_name": "Martinez",
        "is_active": true,
        "is_staff": false,
        "first_name": "Barbara",
        "email": "barbara.martinez@ownblock.com"
    },
    "model": "accounts.user"
},
{
    "pk": 10,
    "fields": {
        "role": "resident",
        "apartment": 3,
        "password": "pbkdf2_sha256$12000$oeHQ6E1776wU$twOL855l+6CyL2LI/wyzOy1/g2YVzoRSacClfkLraJc=",
        "site": null,
        "phone": "",
        "original_email": "",
        "last_login": "2014-09-10T11:51:15.405Z",
        "last_name": "Jackson",
        "is_active": true,
        "is_staff": false,
        "first_name": "Paul",
        "email": "paul.jackson@ownblock.com"
    },
    "model": "accounts.user"
},
{
    "pk": 11,
    "fields": {
        "role": "resident",
        "apartment": 2,
        "password": "pbkdf2_sha256$12000$kcDutA5K4MGa$dbNg37tmBM6j0W1+FPn/5LomPFomEmvzfw/fex9+/8Q=",
        "site": null,
        "phone": "",
        "original_email": "",
        "last_login": "2014-09-10T11:51:17.047Z",
        "last_name": "Robinson",
        "is_active": true,
        "is_staff": false,
        "first_name": "Michael",
        "email": "michael.robinson@ownblock.com"
    },
    "model": "accounts.user"
},
{
    "pk": 12,
    "fields": {
        "role": "resident",
        "apartment": 21,
        "password": "pbkdf2_sha256$12000$FCQYUAa18SVR$tXGimygvOp8NTUYRr6Tfn0UOA9sQqxBN7G5Y732QQUI=",
        "site": null,
        "phone": "",
        "original_email": "",
        "last_login": "2014-09-10T11:51:18.679Z",
        "last_name": "White",
        "is_active": true,
        "is_staff": false,
        "first_name": "Kevin",
        "email": "kevin.white@ownblock.com"
    },
    "model": "accounts.user"
},
{
    "pk": 13,
    "fields": {
        "role": "resident",
        "apartment": 15,
        "password": "pbkdf2_sha256$12000$NwqrjIITH95O$JO7cNwj4sD+Lfa1JeC2Xj11iYm+nGIRllmY5GUxEo+U=",
        "site": null,
        "phone": "",
        "original_email": "",
        "last_login": "2014-09-10T20:47:50.811Z",
        "last_name": "Campbell",
        "is_active": true,
        "is_staff": false,
        "first_name": "Daniel",
        "email": "daniel.campbell@ownblock.com"
    },
    "model": "accounts.user"
},
{
    "pk": 14,
    "fields": {
        "role": "resident",
        "apartment": 14,
        "password": "pbkdf2_sha256$12000$9tICDLcZT0G7$SR5X0SPNb6w0TAAh+67Z6AyVVrs3f/Bj41Lu1K5kqfs=",
        "site": null,
        "phone": "",
        "original_email": "",
        "last_login": "2014-09-10T11:53:40.580Z",
        "last_name": "Phillips",
        "is_active": true,
        "is_staff": false,
        "first_name": "George",
        "email": "george.phillips@ownblock.com"
    },
    "model": "accounts.user"
},
{
    "pk": 15,
    "fields": {
        "role": "resident",
        "apartment": 6,
        "password": "pbkdf2_sha256$12000$Z0BSexv6Vfu5$CBYnEEnVsdmORS+SO8QISoEQAAMDU+Z9qytXoNutYmo=",
        "site": null,
        "phone": "",
        "original_email": "",
        "last_login": "2014-09-10T11:53:42.184Z",
        "last_name": "Reed",
        "is_active": true,
        "is_staff": false,
        "first_name": "Sharon",
        "email": "sharon.reed@ownblock.com"
    },
    "model": "accounts.user"
},
{
    "pk": 16,
    "fields": {
        "role": "resident",
        "apartment": 21,
        "password": "pbkdf2_sha256$12000$XLl2OtoQw2Nv$PBZMjBhpo/Zd6qz8MeH+2cPQXtPTXWJV4NsEOe8sF58=",
        "site": null,
        "phone": "",
        "original_email": "",
        "last_login": "2014-09-10T11:53:43.751Z",
        "last_name": "Cox",
        "is_active": true,
        "is_staff": false,
        "first_name": "Dorothy",
        "email": "dorothy.cox@ownblock.com"
    },
    "model": "accounts.user"
},
{
    "pk": 17,
    "fields": {
        "role": "resident",
        "apartment": 16,
        "password": "pbkdf2_sha256$12000$PzyoRGUQ6n3S$Q5+vwjoPzlb6Co6t9V4pTrfMB5boRe3Pp7qoESkSRs8=",
        "site": null,
        "phone": "",
        "original_email": "",
        "last_login": "2014-09-10T11:53:45.348Z",
        "last_name": "Wong",
        "is_active": true,
        "is_staff": false,
        "first_name": "John",
        "email": "john.wong@ownblock.com"
    },
    "model": "accounts.user"
},
{
    "pk": 18,
    "fields": {
        "role": "resident",
        "apartment": 25,
        "password": "pbkdf2_sha256$12000$vcAhV6qLKzXa$XA4A7Tcv8bhLCuE7ye1MMbRF7pbSrBB67xJqMZn1ekc=",
        "site": null,
        "phone": "",
        "original_email": "",
        "last_login": "2014-09-10T11:53:46.925Z",
        "last_name": "Williams",
        "is_active": true,
        "is_staff": false,
        "first_name": "Anthony",
        "email": "anthony.williams@ownblock.com"
    },
    "model": "accounts.user"
},
{
    "pk": 19,
    "fields": {
        "role": "resident",
        "apartment": 3,
        "password": "pbkdf2_sha256$12000$aQaQxupr04wA$G6W5JmmtG6pbPIi6pm3P0oHwgYJWjClwpHE5BuzXATk=",
        "site": null,
        "phone": "",
        "original_email": "",
        "last_login": "2014-09-10T11:53:48.852Z",
        "last_name": "Roberts",
        "is_active": true,
        "is_staff": false,
        "first_name": "David",
        "email": "david.roberts@ownblock.com"
    },
    "model": "accounts.user"
},
{
    "pk": 20,
    "fields": {
        "role": "resident",
        "apartment": 19,
        "password": "pbkdf2_sha256$12000$KdJbqZSVzuuk$PGZA+DE1WwViERf6UDjCAG1JR2LCdhHEXEscCB/nooI=",
        "site": null,
        "phone": "",
        "original_email": "",
        "last_login": "2014-09-10T11:55:41.733Z",
        "last_name": "Wilson",
        "is_active": true,
        "is_staff": false,
        "first_name": "Mary",
        "email": "mary.wilson@ownblock.com"
    },
    "model": "accounts.user"
},
{
    "pk": 21,
    "fields": {
        "role": "resident",
        "apartment": 29,
        "password": "pbkdf2_sha256$12000$Pl3qtRzG1fkJ$MqQfzM12Nt0FiMdfTXiCn1zKV8thYmhomZxv1iv+weU=",
        "site": null,
        "phone": "",
        "original_email": "",
        "last_login": "2014-09-10T11:55:43.386Z",
        "last_name": "Miller",
        "is_active": true,
        "is_staff": false,
        "first_name": "Laura",
        "email": "laura.miller@ownblock.com"
    },
    "model": "accounts.user"
},
{
    "pk": 22,
    "fields": {
        "role": "resident",
        "apartment": 28,
        "password": "pbkdf2_sha256$12000$ed4xmUhTeJFX$i+c/v2Apvl//9JjLViFg0S/ios6vBduRaw5/dyQFIzo=",
        "site": null,
        "phone": "",
        "original_email": "",
        "last_login": "2014-09-10T11:55:45.010Z",
        "last_name": "Parker",
        "is_active": true,
        "is_staff": false,
        "first_name": "Jennifer",
        "email": "jennifer.parker@ownblock.com"
    },
    "model": "accounts.user"
},
{
    "pk": 23,
    "fields": {
        "role": "resident",
        "apartment": 18,
        "password": "pbkdf2_sha256$12000$Gcu8aevyJJas$bpqfSBp0vvht9qYYsjfja+2dhL/cEGTfQrHBygz+3dk=",
        "site": null,
        "phone": "",
        "original_email": "",
        "last_login": "2014-09-10T11:55:46.676Z",
        "last_name": "Collins",
        "is_active": true,
        "is_staff": false,
        "first_name": "Sandra",
        "email": "sandra.collins@ownblock.com"
    },
    "model": "accounts.user"
},
{
    "pk": 26,
    "fields": {
        "role": "resident",
        "apartment": 2,
        "password": "",
        "site": null,
        "phone": "",
        "original_email": "",
        "last_login": "2014-09-11T17:14:20.643Z",
        "last_name": "tester",
        "is_active": true,
        "is_staff": false,
        "first_name": "test",
        "email": "tester@ownblock.com"
    },
    "model": "accounts.user"
},
{
    "pk": 1,
    "fields": {
        "building": 1,
        "is_available": true,
        "name": "Sauna"
    },
    "model": "amenities.amenity"
},
{
    "pk": 2,
    "fields": {
        "building": 1,
        "is_available": false,
        "name": "Drying Room"
    },
    "model": "amenities.amenity"
},
{
    "pk": 1,
    "fields": {
        "reserved_to": "2014-08-28T10:00:40Z",
        "resident": 5,
        "reserved_from": "2014-08-28T09:03:40Z",
        "amenity": 1
    },
    "model": "amenities.booking"
},
{
    "pk": 7,
    "fields": {
        "reserved_to": "2014-09-12T12:17:48Z",
        "resident": 6,
        "reserved_from": "2014-09-12T11:17:48Z",
        "amenity": 1
    },
    "model": "amenities.booking"
},
{
    "pk": 8,
    "fields": {
        "reserved_to": "2014-09-26T12:00:00Z",
        "resident": 6,
        "reserved_from": "2014-09-26T10:36:17Z",
        "amenity": 1
    },
    "model": "amenities.booking"
},
{
    "pk": 9,
    "fields": {
        "reserved_to": "2014-10-01T20:30:37Z",
        "resident": 6,
        "reserved_from": "2014-10-01T19:30:37Z",
        "amenity": 1
    },
    "model": "amenities.booking"
},
{
    "pk": 1,
    "fields": {
        "site": 2,
        "postcode": "EH12 5EY",
        "country": "GB",
        "address_1": "12 Haymarket ",
        "city": "Edinburgh",
        "address_2": "",
        "latitude": 55.9443862,
        "year": 2002,
        "num_floors": null,
        "longitude": -3.2187438
    },
    "model": "buildings.building"
},
{
    "pk": 1,
    "fields": {
        "number": "31",
        "area": 600.0,
        "num_rooms": 4,
        "owner_email": "",
        "owner_name": "",
        "floor": 5,
        "building": 1,
        "owner_phone": ""
    },
    "model": "buildings.apartment"
},
{
    "pk": 2,
    "fields": {
        "number": "1",
        "area": 300.0,
        "num_rooms": 2,
        "owner_email": "",
        "owner_name": "",
        "floor": 1,
        "building": 1,
        "owner_phone": ""
    },
    "model": "buildings.apartment"
},
{
    "pk": 3,
    "fields": {
        "number": "2",
        "area": null,
        "num_rooms": null,
        "owner_email": "",
        "owner_name": "",
        "floor": 1,
        "building": 1,
        "owner_phone": ""
    },
    "model": "buildings.apartment"
},
{
    "pk": 4,
    "fields": {
        "number": "3",
        "area": null,
        "num_rooms": null,
        "owner_email": "",
        "owner_name": "",
        "floor": 1,
        "building": 1,
        "owner_phone": ""
    },
    "model": "buildings.apartment"
},
{
    "pk": 5,
    "fields": {
        "number": "4",
        "area": null,
        "num_rooms": null,
        "owner_email": "",
        "owner_name": "",
        "floor": 1,
        "building": 1,
        "owner_phone": ""
    },
    "model": "buildings.apartment"
},
{
    "pk": 6,
    "fields": {
        "number": "5",
        "area": null,
        "num_rooms": null,
        "owner_email": "",
        "owner_name": "",
        "floor": 1,
        "building": 1,
        "owner_phone": ""
    },
    "model": "buildings.apartment"
},
{
    "pk": 7,
    "fields": {
        "number": "6",
        "area": null,
        "num_rooms": null,
        "owner_email": "",
        "owner_name": "",
        "floor": 1,
        "building": 1,
        "owner_phone": ""
    },
    "model": "buildings.apartment"
},
{
    "pk": 8,
    "fields": {
        "number": "7",
        "area": null,
        "num_rooms": null,
        "owner_email": "",
        "owner_name": "",
        "floor": 2,
        "building": 1,
        "owner_phone": ""
    },
    "model": "buildings.apartment"
},
{
    "pk": 9,
    "fields": {
        "number": "8",
        "area": null,
        "num_rooms": null,
        "owner_email": "",
        "owner_name": "",
        "floor": 2,
        "building": 1,
        "owner_phone": ""
    },
    "model": "buildings.apartment"
},
{
    "pk": 10,
    "fields": {
        "number": "9",
        "area": null,
        "num_rooms": null,
        "owner_email": "",
        "owner_name": "",
        "floor": 2,
        "building": 1,
        "owner_phone": ""
    },
    "model": "buildings.apartment"
},
{
    "pk": 11,
    "fields": {
        "number": "10",
        "area": null,
        "num_rooms": null,
        "owner_email": "",
        "owner_name": "",
        "floor": 2,
        "building": 1,
        "owner_phone": ""
    },
    "model": "buildings.apartment"
},
{
    "pk": 12,
    "fields": {
        "number": "11",
        "area": null,
        "num_rooms": null,
        "owner_email": "",
        "owner_name": "",
        "floor": 2,
        "building": 1,
        "owner_phone": ""
    },
    "model": "buildings.apartment"
},
{
    "pk": 13,
    "fields": {
        "number": "12",
        "area": null,
        "num_rooms": null,
        "owner_email": "",
        "owner_name": "",
        "floor": 2,
        "building": 1,
        "owner_phone": ""
    },
    "model": "buildings.apartment"
},
{
    "pk": 14,
    "fields": {
        "number": "13",
        "area": null,
        "num_rooms": null,
        "owner_email": "",
        "owner_name": "",
        "floor": 3,
        "building": 1,
        "owner_phone": ""
    },
    "model": "buildings.apartment"
},
{
    "pk": 15,
    "fields": {
        "number": "14",
        "area": null,
        "num_rooms": null,
        "owner_email": "",
        "owner_name": "",
        "floor": 3,
        "building": 1,
        "owner_phone": ""
    },
    "model": "buildings.apartment"
},
{
    "pk": 16,
    "fields": {
        "number": "15",
        "area": null,
        "num_rooms": null,
        "owner_email": "",
        "owner_name": "",
        "floor": 3,
        "building": 1,
        "owner_phone": ""
    },
    "model": "buildings.apartment"
},
{
    "pk": 17,
    "fields": {
        "number": "16",
        "area": null,
        "num_rooms": null,
        "owner_email": "",
        "owner_name": "",
        "floor": 3,
        "building": 1,
        "owner_phone": ""
    },
    "model": "buildings.apartment"
},
{
    "pk": 18,
    "fields": {
        "number": "17",
        "area": null,
        "num_rooms": null,
        "owner_email": "",
        "owner_name": "",
        "floor": 3,
        "building": 1,
        "owner_phone": ""
    },
    "model": "buildings.apartment"
},
{
    "pk": 19,
    "fields": {
        "number": "18",
        "area": null,
        "num_rooms": null,
        "owner_email": "",
        "owner_name": "",
        "floor": 3,
        "building": 1,
        "owner_phone": ""
    },
    "model": "buildings.apartment"
},
{
    "pk": 20,
    "fields": {
        "number": "19",
        "area": null,
        "num_rooms": null,
        "owner_email": "",
        "owner_name": "",
        "floor": 4,
        "building": 1,
        "owner_phone": ""
    },
    "model": "buildings.apartment"
},
{
    "pk": 21,
    "fields": {
        "number": "21",
        "area": null,
        "num_rooms": null,
        "owner_email": "",
        "owner_name": "",
        "floor": 4,
        "building": 1,
        "owner_phone": ""
    },
    "model": "buildings.apartment"
},
{
    "pk": 22,
    "fields": {
        "number": "22",
        "area": null,
        "num_rooms": null,
        "owner_email": "",
        "owner_name": "",
        "floor": 4,
        "building": 1,
        "owner_phone": ""
    },
    "model": "buildings.apartment"
},
{
    "pk": 23,
    "fields": {
        "number": "23",
        "area": null,
        "num_rooms": null,
        "owner_email": "",
        "owner_name": "",
        "floor": 4,
        "building": 1,
        "owner_phone": ""
    },
    "model": "buildings.apartment"
},
{
    "pk": 24,
    "fields": {
        "number": "24",
        "area": null,
        "num_rooms": null,
        "owner_email": "",
        "owner_name": "",
        "floor": 4,
        "building": 1,
        "owner_phone": ""
    },
    "model": "buildings.apartment"
},
{
    "pk": 25,
    "fields": {
        "number": "25",
        "area": null,
        "num_rooms": null,
        "owner_email": "",
        "owner_name": "",
        "floor": 5,
        "building": 1,
        "owner_phone": ""
    },
    "model": "buildings.apartment"
},
{
    "pk": 26,
    "fields": {
        "number": "26",
        "area": null,
        "num_rooms": null,
        "owner_email": "",
        "owner_name": "",
        "floor": 5,
        "building": 1,
        "owner_phone": ""
    },
    "model": "buildings.apartment"
},
{
    "pk": 27,
    "fields": {
        "number": "27",
        "area": null,
        "num_rooms": null,
        "owner_email": "",
        "owner_name": "",
        "floor": 5,
        "building": 1,
        "owner_phone": ""
    },
    "model": "buildings.apartment"
},
{
    "pk": 28,
    "fields": {
        "number": "28",
        "area": null,
        "num_rooms": null,
        "owner_email": "",
        "owner_name": "",
        "floor": 5,
        "building": 1,
        "owner_phone": ""
    },
    "model": "buildings.apartment"
},
{
    "pk": 29,
    "fields": {
        "number": "29",
        "area": null,
        "num_rooms": null,
        "owner_email": "",
        "owner_name": "",
        "floor": 5,
        "building": 1,
        "owner_phone": ""
    },
    "model": "buildings.apartment"
},
{
    "pk": 1,
    "fields": {
        "modified": "2014-09-02T18:38:30.248Z",
        "complaint": "Lots of noise coming from ground floor - sounds like an unauthorized party.\r\n\r\nHappened last night between 12 and 1 AM.",
        "building": 1,
        "resident": 6,
        "created": "2014-09-02T18:32:09.069Z",
        "apartment": 2
    },
    "model": "complaints.complaint"
},
{
    "pk": 2,
    "fields": {
        "modified": "2014-09-10T17:22:55.685Z",
        "complaint": "test complaint",
        "building": 1,
        "resident": 6,
        "created": "2014-09-10T17:22:55.684Z",
        "apartment": 18
    },
    "model": "complaints.complaint"
},
{
    "pk": 2,
    "fields": {
        "available_hours": "9-17 mon-fri",
        "address": "",
        "name": "Building maintenance",
        "phone": "9490903",
        "building": 1,
        "description": "",
        "email": "maintenance@gmail.com"
    },
    "model": "contacts.contact"
},
{
    "pk": 5,
    "fields": {
        "author": 5,
        "modified": "2014-09-15T17:12:17.827Z",
        "building": 1,
        "title": "Screenshot",
        "created": "2014-09-15T17:12:17.823Z",
        "file": "docs/1/tn-screenshot3.png"
    },
    "model": "documents.document"
},
{
    "pk": 1,
    "fields": {
        "is_read": true,
        "header": "test",
        "modified": "2014-10-03T02:56:41.024Z",
        "recipient": 6,
        "details": "test msg",
        "created": "2014-08-25T18:42:58.269Z",
        "parent": null,
        "sender": 5
    },
    "model": "messaging.message"
},
{
    "pk": 2,
    "fields": {
        "is_read": false,
        "header": "Re: test",
        "modified": "2014-08-25T18:48:57.342Z",
        "recipient": 5,
        "details": "> test msg",
        "created": "2014-08-25T18:48:57.339Z",
        "parent": 1,
        "sender": 6
    },
    "model": "messaging.message"
},
{
    "pk": 3,
    "fields": {
        "is_read": true,
        "header": "testing",
        "modified": "2014-09-25T07:21:12.108Z",
        "recipient": 6,
        "details": "",
        "created": "2014-08-25T19:07:29.382Z",
        "parent": null,
        "sender": 5
    },
    "model": "messaging.message"
},
{
    "pk": 4,
    "fields": {
        "is_read": false,
        "header": "Testing",
        "modified": "2014-08-25T21:26:34.302Z",
        "recipient": 5,
        "details": "Ok",
        "created": "2014-08-25T21:26:34.301Z",
        "parent": null,
        "sender": 6
    },
    "model": "messaging.message"
},
{
    "pk": 5,
    "fields": {
        "is_read": true,
        "header": "Re: Re: test",
        "modified": "2014-09-18T09:58:53.582Z",
        "recipient": 6,
        "details": "> > test msg",
        "created": "2014-08-26T16:40:17.199Z",
        "parent": 2,
        "sender": 5
    },
    "model": "messaging.message"
},
{
    "pk": 6,
    "fields": {
        "is_read": true,
        "header": "Re: Testing",
        "modified": "2014-09-22T20:41:41.540Z",
        "recipient": 6,
        "details": "> Ok",
        "created": "2014-08-26T18:52:00.847Z",
        "parent": 4,
        "sender": 5
    },
    "model": "messaging.message"
},
{
    "pk": 7,
    "fields": {
        "is_read": true,
        "header": "test msg",
        "modified": "2014-09-23T23:39:38.521Z",
        "recipient": 6,
        "details": "",
        "created": "2014-08-26T22:03:43.131Z",
        "parent": null,
        "sender": 5
    },
    "model": "messaging.message"
},
{
    "pk": 8,
    "fields": {
        "is_read": false,
        "header": "Re: Re: Testing",
        "modified": "2014-08-29T20:58:51.758Z",
        "recipient": 5,
        "details": "> > Ok",
        "created": "2014-08-29T20:58:51.755Z",
        "parent": 6,
        "sender": 6
    },
    "model": "messaging.message"
},
{
    "pk": 9,
    "fields": {
        "is_read": false,
        "header": "yay",
        "modified": "2014-08-29T20:59:29.515Z",
        "recipient": 5,
        "details": "",
        "created": "2014-08-29T20:59:29.513Z",
        "parent": null,
        "sender": 6
    },
    "model": "messaging.message"
},
{
    "pk": 10,
    "fields": {
        "is_read": false,
        "header": "howdy",
        "modified": "2014-08-29T21:04:50.573Z",
        "recipient": 5,
        "details": "",
        "created": "2014-08-29T21:04:50.571Z",
        "parent": null,
        "sender": 6
    },
    "model": "messaging.message"
},
{
    "pk": 11,
    "fields": {
        "is_read": false,
        "header": "Re:keys",
        "modified": "2014-08-30T05:18:57.883Z",
        "recipient": 5,
        "details": "I'll come round tomorrow after 6 if that's ok",
        "created": "2014-08-30T05:18:57.881Z",
        "parent": null,
        "sender": 6
    },
    "model": "messaging.message"
},
{
    "pk": 12,
    "fields": {
        "is_read": false,
        "header": "Re:keys",
        "modified": "2014-08-30T17:04:40.488Z",
        "recipient": 5,
        "details": "",
        "created": "2014-08-30T17:04:40.487Z",
        "parent": null,
        "sender": 6
    },
    "model": "messaging.message"
},
{
    "pk": 13,
    "fields": {
        "is_read": false,
        "header": "Re: test msg",
        "modified": "2014-08-30T21:29:42.568Z",
        "recipient": 5,
        "details": "",
        "created": "2014-08-30T21:29:42.565Z",
        "parent": 7,
        "sender": 6
    },
    "model": "messaging.message"
},
{
    "pk": 14,
    "fields": {
        "is_read": true,
        "header": "Re:complaint",
        "modified": "2014-09-19T19:27:18.185Z",
        "recipient": 6,
        "details": "Had a word with the people downstairs, not to worry.",
        "created": "2014-09-02T21:23:03.442Z",
        "parent": null,
        "sender": 5
    },
    "model": "messaging.message"
},
{
    "pk": 15,
    "fields": {
        "is_read": false,
        "header": "Re:keys",
        "modified": "2014-09-03T21:13:02.196Z",
        "recipient": 5,
        "details": "can pick them up tomorrow",
        "created": "2014-09-03T21:13:02.194Z",
        "parent": null,
        "sender": 6
    },
    "model": "messaging.message"
},
{
    "pk": 16,
    "fields": {
        "is_read": false,
        "header": "Re: Re:complaint",
        "modified": "2014-09-03T21:13:23.201Z",
        "recipient": 5,
        "details": "> Had a word with the people downstairs, not to worry.\n\nThanks!!!",
        "created": "2014-09-03T21:13:23.199Z",
        "parent": 14,
        "sender": 6
    },
    "model": "messaging.message"
},
{
    "pk": 17,
    "fields": {
        "is_read": false,
        "header": "TEST",
        "modified": "2014-09-05T13:38:51.286Z",
        "recipient": 5,
        "details": "",
        "created": "2014-09-05T13:38:51.284Z",
        "parent": null,
        "sender": 6
    },
    "model": "messaging.message"
},
{
    "pk": 18,
    "fields": {
        "is_read": true,
        "header": "jdkdjk",
        "modified": "2014-09-19T19:59:47.133Z",
        "recipient": 5,
        "details": "jkjk",
        "created": "2014-09-05T13:41:18.781Z",
        "parent": null,
        "sender": 6
    },
    "model": "messaging.message"
},
{
    "pk": 19,
    "fields": {
        "is_read": true,
        "header": "test forwarding",
        "modified": "2014-09-19T19:59:52.619Z",
        "recipient": 5,
        "details": "ok",
        "created": "2014-09-07T16:09:35.281Z",
        "parent": null,
        "sender": 6
    },
    "model": "messaging.message"
},
{
    "pk": 20,
    "fields": {
        "is_read": true,
        "header": "test again",
        "modified": "2014-09-19T19:59:38.733Z",
        "recipient": 5,
        "details": "ok",
        "created": "2014-09-07T16:59:49.735Z",
        "parent": null,
        "sender": 6
    },
    "model": "messaging.message"
},
{
    "pk": 21,
    "fields": {
        "is_read": true,
        "header": "another test",
        "modified": "2014-09-19T19:57:10.278Z",
        "recipient": 5,
        "details": "ok",
        "created": "2014-09-07T17:03:52.217Z",
        "parent": null,
        "sender": 6
    },
    "model": "messaging.message"
},
{
    "pk": 22,
    "fields": {
        "is_read": true,
        "header": "Re:keys",
        "modified": "2014-09-19T19:57:06.692Z",
        "recipient": 5,
        "details": "ok",
        "created": "2014-09-07T17:05:30.807Z",
        "parent": null,
        "sender": 6
    },
    "model": "messaging.message"
},
{
    "pk": 23,
    "fields": {
        "is_read": true,
        "header": "Re:Bicycle foot pump",
        "modified": "2014-09-18T09:58:47.818Z",
        "recipient": 6,
        "details": "",
        "created": "2014-09-09T10:30:10.093Z",
        "parent": null,
        "sender": 5
    },
    "model": "messaging.message"
},
{
    "pk": 24,
    "fields": {
        "is_read": true,
        "header": "hi there",
        "modified": "2014-09-19T19:59:35.229Z",
        "recipient": 5,
        "details": "testing...",
        "created": "2014-09-09T10:34:39.634Z",
        "parent": null,
        "sender": 6
    },
    "model": "messaging.message"
},
{
    "pk": 25,
    "fields": {
        "is_read": true,
        "header": "Re: hi there",
        "modified": "2014-09-22T20:41:46.506Z",
        "recipient": 6,
        "details": "> testing...",
        "created": "2014-09-09T10:35:14.339Z",
        "parent": 24,
        "sender": 5
    },
    "model": "messaging.message"
},
{
    "pk": 26,
    "fields": {
        "is_read": true,
        "header": "Re: hi there",
        "modified": "2014-09-24T09:52:56.198Z",
        "recipient": 6,
        "details": "> testing...",
        "created": "2014-09-09T10:35:16.163Z",
        "parent": 24,
        "sender": 5
    },
    "model": "messaging.message"
},
{
    "pk": 27,
    "fields": {
        "is_read": true,
        "header": "Re:Bicycle foot pump",
        "modified": "2014-09-18T09:58:44.463Z",
        "recipient": 6,
        "details": "",
        "created": "2014-09-10T08:13:45.730Z",
        "parent": null,
        "sender": 5
    },
    "model": "messaging.message"
},
{
    "pk": 28,
    "fields": {
        "is_read": false,
        "header": "Keys",
        "modified": "2014-09-10T12:09:27.917Z",
        "recipient": 23,
        "details": "Thanks! will pick them up tomorrow after work if OK.",
        "created": "2014-09-10T12:09:27.915Z",
        "parent": null,
        "sender": 6
    },
    "model": "messaging.message"
},
{
    "pk": 29,
    "fields": {
        "is_read": false,
        "header": "testing",
        "modified": "2014-09-10T17:22:43.208Z",
        "recipient": 13,
        "details": "test",
        "created": "2014-09-10T17:22:43.205Z",
        "parent": null,
        "sender": 6
    },
    "model": "messaging.message"
},
{
    "pk": 30,
    "fields": {
        "is_read": true,
        "header": "Re:Simano Bicycle",
        "modified": "2014-09-18T09:58:07.858Z",
        "recipient": 6,
        "details": "OK to borrow this?",
        "created": "2014-09-10T20:48:24.589Z",
        "parent": null,
        "sender": 13
    },
    "model": "messaging.message"
},
{
    "pk": 31,
    "fields": {
        "is_read": false,
        "header": "ok",
        "modified": "2014-09-10T22:14:18.189Z",
        "recipient": 16,
        "details": "ok",
        "created": "2014-09-10T22:14:18.186Z",
        "parent": null,
        "sender": 13
    },
    "model": "messaging.message"
},
{
    "pk": 32,
    "fields": {
        "is_read": false,
        "header": "Re: Re:Simano Bicycle",
        "modified": "2014-09-11T05:36:45.179Z",
        "recipient": 13,
        "details": "> OK to borrow this?\nSure!",
        "created": "2014-09-11T05:36:45.176Z",
        "parent": 30,
        "sender": 6
    },
    "model": "messaging.message"
},
{
    "pk": 33,
    "fields": {
        "is_read": true,
        "header": "Re:Machine not working",
        "modified": "2014-09-19T19:17:27.235Z",
        "recipient": 5,
        "details": "",
        "created": "2014-09-12T18:39:05.379Z",
        "parent": null,
        "sender": 6
    },
    "model": "messaging.message"
},
{
    "pk": 34,
    "fields": {
        "is_read": false,
        "header": "hi",
        "modified": "2014-09-25T07:21:40.822Z",
        "recipient": 14,
        "details": "ok",
        "created": "2014-09-25T07:21:40.819Z",
        "parent": null,
        "sender": 6
    },
    "model": "messaging.message"
},
{
    "pk": 35,
    "fields": {
        "is_read": false,
        "header": "Re:Machine not working",
        "modified": "2014-09-28T17:37:47.336Z",
        "recipient": 5,
        "details": "",
        "created": "2014-09-28T17:37:47.335Z",
        "parent": null,
        "sender": 6
    },
    "model": "messaging.message"
},
{
    "pk": 36,
    "fields": {
        "is_read": false,
        "header": "Re:keys",
        "modified": "2014-10-07T16:49:45.891Z",
        "recipient": 5,
        "details": "",
        "created": "2014-10-07T16:49:45.888Z",
        "parent": null,
        "sender": 6
    },
    "model": "messaging.message"
},
{
    "pk": 37,
    "fields": {
        "is_read": false,
        "header": "hi",
        "modified": "2014-10-07T16:50:09.055Z",
        "recipient": 11,
        "details": "ok?",
        "created": "2014-10-07T16:50:09.052Z",
        "parent": null,
        "sender": 6
    },
    "model": "messaging.message"
},
{
    "pk": 1,
    "fields": {
        "modified": "2014-08-25T17:52:50.629Z",
        "author": 5,
        "title": "test",
        "details": "ok",
        "building": 1,
        "created": "2014-08-25T17:52:50.625Z"
    },
    "model": "notices.notice"
},
{
    "pk": 2,
    "fields": {
        "modified": "2014-08-28T15:27:22.247Z",
        "author": 5,
        "title": "keys",
        "details": "Keys with black fob left in stairwell",
        "building": 1,
        "created": "2014-08-26T08:44:03.064Z"
    },
    "model": "notices.notice"
},
{
    "pk": 1,
    "fields": {
        "country": "FI",
        "reserved_place": "6",
        "registration_number": "XNS-123",
        "resident": 6,
        "description": "Jaguar XJS"
    },
    "model": "parking.vehicle"
},
{
    "pk": 1,
    "fields": {
        "domain": "testorg",
        "questions": "just a test...",
        "contact_name": "John Smith",
        "modified": "2014-09-11T16:03:14.709Z",
        "name": "testorg",
        "num_apartments": 20,
        "phone": "19090",
        "num_buildings": 1,
        "created": "2014-09-11T16:03:14.685Z",
        "email": "johnsmith@ownblock.com"
    },
    "model": "signups.signup"
},
{
    "pk": 2,
    "fields": {
        "domain": "southfork",
        "questions": "",
        "contact_name": "J R  Ewing",
        "modified": "2014-09-11T16:14:50.749Z",
        "name": "Southfork Proprties",
        "num_apartments": 206,
        "phone": "dddddd",
        "num_buildings": 150,
        "created": "2014-09-11T16:14:50.728Z",
        "email": "weegill@gmail.com"
    },
    "model": "signups.signup"
},
{
    "pk": 1,
    "fields": {
        "building": 1,
        "location": "Ground floor to the right of main entrance",
        "name": "Bike shed"
    },
    "model": "storage.place"
},
{
    "pk": 3,
    "fields": {
        "building": 1,
        "location": "Ground floor to the right of main entrance",
        "name": "Pram storage"
    },
    "model": "storage.place"
},
{
    "pk": 4,
    "fields": {
        "building": 1,
        "location": "Under ground floor (each apartment has numbered storage area)",
        "name": "Basement"
    },
    "model": "storage.place"
},
{
    "pk": 3,
    "fields": {
        "photo": "storage/1/full-suspension-mountain-bike-with-shimano-24-speeds_32gX0Ja.jpg",
        "resident": 6,
        "place": 1,
        "serial_no": "12345-A",
        "description": "Simano Bicycle"
    },
    "model": "storage.item"
},
{
    "pk": 4,
    "fields": {
        "photo": "",
        "resident": 6,
        "place": 1,
        "serial_no": "",
        "description": "Bicycle foot pump"
    },
    "model": "storage.item"
},
{
    "pk": 1,
    "fields": {
        "apartment": 2,
        "handler": 5,
        "action": "",
        "modified": "2014-08-29T16:46:23.392Z",
        "reporter": 5,
        "building": 1,
        "status": "resolved",
        "created": "2014-08-28T14:00:53.447Z",
        "comment": "ok",
        "amenity": null,
        "description": "test manager"
    },
    "model": "tickets.ticket"
},
{
    "pk": 2,
    "fields": {
        "apartment": 1,
        "handler": null,
        "action": "",
        "modified": "2014-08-28T14:01:30.871Z",
        "reporter": 6,
        "building": 1,
        "status": "new",
        "created": "2014-08-28T14:01:30.871Z",
        "comment": "",
        "amenity": null,
        "description": "test ok"
    },
    "model": "tickets.ticket"
},
{
    "pk": 3,
    "fields": {
        "apartment": 1,
        "handler": null,
        "action": "",
        "modified": "2014-08-28T22:36:22.141Z",
        "reporter": 6,
        "building": 1,
        "status": "new",
        "created": "2014-08-28T22:36:22.141Z",
        "comment": "",
        "amenity": null,
        "description": "Brokdn window"
    },
    "model": "tickets.ticket"
},
{
    "pk": 4,
    "fields": {
        "apartment": 1,
        "handler": null,
        "action": "",
        "modified": "2014-08-30T21:29:58.873Z",
        "reporter": 6,
        "building": 1,
        "status": "new",
        "created": "2014-08-30T21:29:58.872Z",
        "comment": "",
        "amenity": null,
        "description": "xyz"
    },
    "model": "tickets.ticket"
},
{
    "pk": 5,
    "fields": {
        "apartment": 15,
        "handler": null,
        "action": "",
        "modified": "2014-09-10T22:10:54.722Z",
        "reporter": 13,
        "building": 1,
        "status": "new",
        "created": "2014-09-10T22:10:54.716Z",
        "comment": "",
        "amenity": null,
        "description": "this is just a test"
    },
    "model": "tickets.ticket"
},
{
    "pk": 6,
    "fields": {
        "apartment": 1,
        "handler": 5,
        "action": "",
        "modified": "2014-09-11T22:54:06.076Z",
        "reporter": 5,
        "building": 1,
        "status": "accepted",
        "created": "2014-09-11T22:52:55.313Z",
        "comment": "Will mark as not working",
        "amenity": 2,
        "description": "Machine not working"
    },
    "model": "tickets.ticket"
},
{
    "pk": 7,
    "fields": {
        "apartment": null,
        "handler": null,
        "action": "",
        "modified": "2014-09-12T09:40:08.851Z",
        "reporter": 6,
        "building": 1,
        "status": "new",
        "created": "2014-09-12T09:40:08.846Z",
        "comment": "",
        "amenity": 1,
        "description": "test"
    },
    "model": "tickets.ticket"
}

]
